firsname;lastname;birthday;email;phone;address1;address2;city;stateOrProvince;postalCode;country;;
Robert;Johnson;1970-04-06;jessica20@yahoo.com;2055268432;44743 Paula Roads Suite 679;Apt. 738;South Tony;Delaware;45690;Montserrat;;
Jose;Anderson;1965-04-20;laurayoung@hotmail.com;2055268433;4739 Hansen Trafficway;Apt. 555;Hawkinsside;Kansas;58658;Chile;;
Robert;Jones;2002-05-15;anthony33@jackson-gibson.com;2055268433;994 Koch Grove Suite 779;Suite 091;New Jakeshire;New York;32390;Argentina;;
Theresa;Chambers;1979-06-10;davissteven@gmail.com;2055268434;84853 Nicholas Shores Apt. 323;Apt. 961;Teresafurt;Missouri;68932;French Guiana;;
Lauren;Brown;1977-02-27;zcollins@gmail.com;2055268434;658 William Oval;Apt. 314;Lake Carlaborough;South Carolina;39642;Georgia;;
Jonathan;Grant;1972-06-12;colenathan@gmail.com;2055268435;757 Espinoza Roads Suite 900;Apt. 311;Lake Edward;Nebraska;24403;Albania;;
Leslie;Hawkins;1999-04-08;lynnkelly@hotmail.com;2055268435;24677 Sarah Green Suite 408;Apt. 993;Davidstad;South Carolina;78604;Mayotte;;
Melissa;Wood;1950-10-04;kimtrevor@zuniga.com;2055268436;50629 Hannah Underpass;Suite 649;East Williamland;Montana;14712;Brunei Darussalam;;
Amy;Cook;1954-02-06;bellsandra@hotmail.com;2055268436;7177 Jones Inlet;Suite 542;West Chadhaven;Massachusetts;63524;Bangladesh;;
Wendy;Burton;1983-11-29;joannaramirez@gmail.com;2055268437;91758 Taylor Camp Suite 374;Suite 898;Castroburgh;Idaho;13981;Albania;;
Christopher;Powell;1998-10-05;ericgarrett@rasmussen-leonard.com;2055268437;599 Davis Gateway Apt. 803;Suite 785;North Jeffrey;Illinois;49546;Uganda;;
Kyle;Harrison;1968-03-03;carpenterbrittany@yahoo.com;2055268438;3514 Samuel Ranch Suite 651;Apt. 939;Lake Stephanie;South Carolina;29701;Cote d'Ivoire;;
Maria;Meyers;1991-12-01;carrillojennifer@gmail.com;2055268438;401 Joshua Forks;Suite 533;East Phillip;Alabama;90653;Lebanon;;
Julie;Johnson;1994-01-06;tammie26@west.biz;2055268439;16715 Weeks Lake Apt. 043;Apt. 698;Port Lindsaymouth;Oklahoma;94694;Timor-Leste;;
Laura;Moore;1959-11-15;allisonday@hotmail.com;2055268439;2974 James Haven Apt. 737;Suite 257;Lesliemouth;New Hampshire;90641;Saint Pierre and Miquelon;;
Brooke;Carson;2002-07-08;starkjon@gmail.com;2055268440;5875 Harrison Neck Suite 898;Suite 329;West Danielburgh;Oregon;33457;Niue;;
Latoya;Fischer;1976-01-05;mckeedeborah@gmail.com;2055268440;4765 Smith Meadows Apt. 936;Apt. 466;Port Randy;Utah;39960;Costa Rica;;
Ashley;Garcia;1996-04-04;marymorrow@gmail.com;2055268441;8686 Stacy Extensions Apt. 711;Suite 966;East Lisa;Oklahoma;94083;Holy See (Vatican City State);;
Alan;Williams;1953-03-14;ariana44@mcneil-diaz.biz;2055268441;6678 Sims Fields Apt. 715;Apt. 155;Thompsonburgh;Tennessee;98629;Colombia;;
Nicholas;Nelson;1978-11-19;cassie77@yahoo.com;2055268442;076 Maxwell Vista Apt. 477;Suite 012;Lake Ericton;Maryland;19760;Ukraine;;
Hannah;White;2001-07-31;jasonreed@yahoo.com;2055268442;246 Paul Views Suite 392;Apt. 876;South Lance;Oklahoma;23784;Germany;;
Joseph;Williams;1968-05-29;michaelknight@gmail.com;2055268443;9217 Berg Keys Suite 008;Suite 517;New Steven;New Mexico;61980;Palau;;
Matthew;Leon;1961-08-22;danielle52@weber-acosta.com;2055268443;633 Whitney Roads;Suite 556;Brianville;Illinois;57202;Kyrgyz Republic;;
Angelica;Parker;1992-02-18;james83@daniel.com;2055268444;45567 Brown Shoals;Suite 805;New Katieside;West Virginia;28959;Mongolia;;
Troy;Vega;1971-01-09;osexton@williamson.org;2055268444;086 Burke Meadows Apt. 618;Suite 741;West Jamesport;Nebraska;09772;United States Minor Outlying Islands;;
Derek;Evans;1967-03-22;uwilliams@gmail.com;2055268445;43347 Reyes Forest;Suite 946;West Dorothyland;California;72576;Poland;;
Stephanie;Armstrong;1996-08-06;justin26@gmail.com;2055268445;1407 Lisa Mills Suite 977;Suite 592;East Anthony;Illinois;46229;Swaziland;;
Julie;Yang;1958-08-08;beverly40@hotmail.com;2055268446;475 Hess Parkway;Suite 583;Cathyshire;Utah;65831;Liechtenstein;;
Michael;Stevens;1968-01-05;mwallace@yahoo.com;2055268446;247 Dillon Vista Suite 754;Suite 169;Port John;West Virginia;66788;Taiwan;;
Tina;Buck;1984-01-31;deborahunderwood@gmail.com;2055268433;8442 Adkins Rue;Apt. 424;Reneeview;South Dakota;16347;Paraguay;;
Timothy;Vasquez;1998-05-22;daniellove@gmail.com;2055268434;913 Scott Throughway Apt. 331;Apt. 464;South Phillip;Iowa;37176;Chile;;
Mark;Nguyen;1970-09-07;dbarton@miller.com;2055268434;4642 Wiley Heights Apt. 587;Suite 230;North Patricia;South Carolina;03485;Tokelau;;
Sarah;Mendez;1967-07-07;katrinaleon@gmail.com;2055268435;3832 Charles Ports Apt. 076;Apt. 838;New Madison;Oklahoma;38378;Netherlands Antilles;;
Melissa;Anderson;1957-02-07;kellibond@weber.net;2055268435;7303 Pratt Forge Suite 436;Suite 610;Haasmouth;Wisconsin;86696;Dominican Republic;;
Jennifer;Lane;1973-12-24;caleb86@yahoo.com;2055268436;97107 Ward Club;Suite 624;South Nicholasmouth;Washington;08441;Senegal;;
Melissa;Guzman;2001-10-10;myerskristy@gmail.com;2055268436;85567 Vincent Centers Suite 302;Suite 090;Wrightburgh;Kentucky;85697;Svalbard & Jan Mayen Islands;;
Julia;Simmons;2000-08-26;pricestephanie@gmail.com;2055268437;2572 Olsen Pines Apt. 571;Apt. 119;Anthonyburgh;New York;23419;Senegal;;
Katie;Wilson;1981-09-16;aarnold@turner-grant.info;2055268437;49117 Brooks Via Apt. 342;Suite 925;Morrisside;Minnesota;69618;Guatemala;;
Chelsea;Nguyen;1998-02-25;ujohnson@hotmail.com;2055268438;98408 Bradley Parkway;Apt. 121;South Cheyenne;New Mexico;15866;Canada;;
Elizabeth;Ward;1980-03-30;lburke@yahoo.com;2055268438;86384 Jennifer Mills Apt. 561;Suite 277;South Katherineville;Washington;65768;Maldives;;
Michael;Acosta;1952-02-06;jennifershaw@wright.info;2055268439;40951 Vincent Turnpike;Suite 274;West Amberborough;Vermont;32883;Georgia;;
Chase;Williams;1951-12-12;taylorjesse@yahoo.com;2055268439;69748 West Manors Apt. 010;Apt. 256;Port Charleston;Tennessee;56748;South Africa;;
Jacqueline;Dougherty;1997-06-26;monica38@yahoo.com;2055268440;3231 Ayala Flat Suite 627;Apt. 555;Jacobmouth;Kentucky;15984;Heard Island and McDonald Islands;;
Chelsea;Meyer;1980-10-31;gballard@gmail.com;2055268440;13169 Jessica Turnpike;Apt. 801;North Lindabury;New York;20703;American Samoa;;
Samantha;Smith;1960-01-11;yvonnepeterson@gmail.com;2055268441;71623 Castillo Gardens;Suite 201;New George;Arizona;63182;Andorra;;
Monica;Garcia;1988-03-17;pdoyle@gmail.com;2055268441;856 Gray Forge;Suite 260;New Jade;Hawaii;05332;Guinea-Bissau;;
Jim;Stevens;1978-04-12;andrewlopez@flores-oliver.com;2055268442;0565 Smith Ford Suite 272;Suite 708;Lake Phyllis;Oklahoma;24891;Djibouti;;
Sean;Daniels;1999-04-12;hobbsamy@yahoo.com;2055268442;7851 Laura Falls;Apt. 231;New Denise;Florida;25591;Bangladesh;;
Michelle;Brown;1987-07-13;sarahbowers@thomas.org;2055268433;407 Rodriguez Lodge;Suite 724;Lake Melody;North Dakota;54684;Cameroon;;
Caitlin;Marsh;2003-03-05;kevinriddle@ellis.com;2055268434;2752 Christopher Underpass Apt. 621;Apt. 188;Tinafurt;Hawaii;54174;Ethiopia;;
Brenda;Guzman;1971-03-24;tlucas@yahoo.com;2055268434;3617 Schmidt Mountains;Suite 003;Howellmouth;Illinois;38705;Malawi;;
Marvin;Kirk;1995-10-19;crystalkaiser@yahoo.com;2055268435;4800 Erin Alley;Apt. 548;Ferrellfort;South Carolina;47369;Dominica;;
James;Garcia;1976-02-21;paulsanchez@gmail.com;2055268435;464 Tammy Fork Suite 099;Suite 616;Joneston;New Jersey;41363;Latvia;;
Adam;Martinez;1970-03-18;ithomas@gmail.com;2055268436;189 Paul Coves;Suite 989;Thomasberg;Indiana;41922;Liberia;;
Nicholas;Frost;1951-10-22;patrick71@hotmail.com;2055268436;177 Tasha Place;Suite 158;Bryantmouth;Utah;11475;Turkmenistan;;
Jorge;Martin;1990-01-12;zachary25@yahoo.com;2055268437;252 Sanchez Valley Suite 095;Apt. 775;Kaylaberg;Rhode Island;61010;Micronesia;;
Emily;Freeman;1995-12-04;williammassey@yahoo.com;2055268437;924 Chapman View Suite 799;Apt. 976;Port Bill;Oregon;78356;Kyrgyz Republic;;
Melinda;Strong;1956-01-08;colonangela@yahoo.com;2055268438;6607 Brian Rest Suite 475;Apt. 864;Coletown;New Hampshire;72538;United States Minor Outlying Islands;;
Samantha;Ryan;1955-07-18;anthonycole@baker-thomas.biz;2055268438;5762 Wilson Manor Suite 844;Suite 191;North Shawnberg;Nebraska;49596;Heard Island and McDonald Islands;;
Patricia;Holder;1953-01-15;kenneth87@allen.com;2055268439;790 Perez Stream;Apt. 307;Port Josephberg;Arkansas;20543;Congo;;
Adam;Ayala;1993-12-24;reesebrenda@gmail.com;2055268439;273 Elizabeth Well Apt. 706;Apt. 180;East Melissamouth;Tennessee;05852;Botswana;;
Ashley;Wade;1966-01-02;ostephens@hotmail.com;2055268440;848 Rose Springs;Apt. 905;Lake Summerchester;Wyoming;23388;Suriname;;
Derek;Martinez;1998-04-07;vstark@johnston.com;2055268440;721 Gregory Island Suite 736;Suite 192;Port Christopherberg;Illinois;18645;Guinea;;
Dean;Dudley;1994-11-21;ericashields@yahoo.com;2055268441;448 Elizabeth Isle;Apt. 192;Lake Timothyhaven;Kentucky;93875;Switzerland;;
Melissa;Blake;1954-04-11;iharris@hotmail.com;2055268441;9323 Jeffrey Island Apt. 064;Suite 806;South Patrickville;Maryland;44888;Tokelau;;
Ernest;Brooks;2004-09-30;zsmith@yahoo.com;2055268442;594 Gregory Dale Suite 580;Apt. 455;Davidborough;New Jersey;62720;Lesotho;;
Ana;Mata;1998-06-25;vpruitt@williams-griffin.info;2055268442;2448 Peterson Turnpike;Apt. 789;Jamesberg;Arkansas;43567;Greenland;;
Darren;Howard;1989-09-22;hendersonmegan@yahoo.com;2055268433;174 Mcdaniel Isle Suite 454;Apt. 835;Christineburgh;Oregon;47343;Jamaica;;
Veronica;Buckley;1969-11-05;woodsevan@poole.com;2055268434;6397 Harold Loaf Apt. 048;Suite 323;West Kristinburgh;Vermont;43486;Chad;;
Mark;Williams;1957-12-29;bridgetprice@barnes-meyers.com;2055268434;0375 Watkins Tunnel;Suite 677;South Allen;Kentucky;25172;Nicaragua;;
Terri;Oneal;1950-03-29;michele99@terrell-thompson.com;2055268435;67713 Ann Course Apt. 354;Suite 228;Murphyview;Utah;59897;China;;
Natalie;Cook;1975-06-19;tbrooks@warner.com;2055268435;5101 Valerie Villages Apt. 311;Apt. 418;Lake Eduardomouth;Mississippi;34742;Switzerland;;
Lindsay;Williams;1983-06-05;critter@robbins.org;2055268436;06117 Barber Ford;Suite 696;North Kenneth;Massachusetts;64298;Burkina Faso;;
Michael;Day;1988-12-24;darlene51@jackson-crosby.net;2055268436;19326 Tammy Shoal;Apt. 457;Port Chelsey;Kentucky;50951;Australia;;
Philip;Foster;1984-10-12;carlanelson@gmail.com;2055268437;5323 Daniel Views Apt. 350;Apt. 348;Lake Candaceburgh;New York;92132;Swaziland;;
Ryan;Ayala;1968-05-23;patrick38@gmail.com;2055268437;64565 Nunez Mount Suite 992;Apt. 236;Morenohaven;Washington;47860;Sri Lanka;;
Lisa;Hooper;1986-03-06;pgalvan@gmail.com;2055268438;6340 Clayton Dale Suite 711;Apt. 513;South Cindy;Nevada;75641;Zimbabwe;;
Scott;Hardin;1963-06-04;williamsanthony@williams.info;2055268438;8939 Chang Skyway;Suite 146;Stevenston;Alaska;38168;Bolivia;;
Thomas;Escobar;1972-11-16;ashley01@daniels-peterson.info;2055268439;08254 Sanders Estate Apt. 614;Apt. 699;Drewhaven;Utah;19163;Marshall Islands;;
Andrew;Le;1989-04-12;audrey07@gmail.com;2055268439;25636 Burke Rest;Suite 712;Phillipsberg;Michigan;03718;Luxembourg;;
Michael;Morales;1958-06-01;kgreen@hotmail.com;2055268440;7473 Anna Canyon Apt. 876;Apt. 792;Nathanhaven;Illinois;86364;Saint Kitts and Nevis;;
Eric;Jones;1987-08-01;marcowilliamson@rhodes-buchanan.biz;2055268440;8496 Browning Rest;Suite 100;Smithbury;Wisconsin;04532;Oman;;
Joel;Hayden;1990-06-20;madeline95@gmail.com;2055268441;7579 Brandon Crossroad;Suite 682;North Cheryltown;Utah;12774;Qatar;;
Vernon;Hutchinson;2005-04-27;kevinewing@mahoney-farmer.info;2055268441;85336 Tara Underpass Apt. 849;Suite 023;East Sarahmouth;Georgia;74376;Northern Mariana Islands;;
Timothy;Murphy;1970-07-21;smithjeremiah@hotmail.com;2055268442;0476 Frank Oval;Suite 993;Gomezbury;Hawaii;13417;Austria;;
Katherine;Jackson;1982-05-05;ann70@fry.com;2055268433;023 Mcknight Knolls Apt. 509;Apt. 562;Tateshire;Arizona;84611;Jamaica;;
Tony;Jones;1998-07-21;kzimmerman@campbell.info;2055268434;65027 Jeffrey Oval;Suite 859;Port Heatherhaven;Minnesota;12498;Cote d'Ivoire;;
Michael;Houston;1955-08-19;jessica99@yahoo.com;2055268434;097 Christy Drive;Apt. 210;South Jeanneburgh;New Jersey;21230;Turks and Caicos Islands;;
Sergio;Cox;1993-02-02;crystal55@hotmail.com;2055268435;470 Ho Ramp Suite 362;Suite 191;Tylerfurt;Alaska;73584;Congo;;
Travis;Murillo;1999-08-18;ljohnson@cannon.net;2055268435;82493 Vincent Lakes;Suite 861;West Matthew;Oregon;21291;Congo;;
Daniel;Thomas;1991-04-23;luke47@hotmail.com;2055268436;090 Webster Flat Suite 602;Suite 552;Thomasview;New Jersey;66853;Poland;;
Daniel;Anthony;1978-04-16;alexander69@daniel-kim.com;2055268436;21386 Turner Bridge Apt. 491;Suite 543;Foxbury;Minnesota;35176;Pitcairn Islands;;
Alexandria;Owens;1957-01-11;emartinez@yahoo.com;2055268437;76896 Heather Expressway;Apt. 395;Millerport;Texas;48259;Anguilla;;
Duane;Anderson;1986-09-09;mooreheather@yahoo.com;2055268437;03929 Walsh Corners;Apt. 471;Gonzalezmouth;Iowa;96184;Syrian Arab Republic;;
Joe;Palmer;1996-07-07;stephaniewilliams@yahoo.com;2055268438;84279 Sims Vista Apt. 508;Suite 509;East Kimberlyville;Tennessee;60677;Hungary;; 
Katrina;Church;1957-10-09;rrivera@hotmail.com;2055268438;7412 Rivera Forge Apt. 172;Suite 236;Wilsonborough;California;67353;Luxembourg;;
Debra;White;1971-07-15;hannah47@hotmail.com;2055268439;065 Julia Pine;Suite 068;Graymouth;New York;20257;Luxembourg;;
John;Hester;1990-08-06;nnguyen@gmail.com;2055268439;6426 Kevin Summit Suite 118;Suite 687;Allenmouth;North Carolina;42231;Gambia;;
Chad;Moore;1976-08-31;andrewschristopher@miller.com;2055268440;3774 Daniel Pines;Suite 254;New Tiffanyport;Wisconsin;78223;France;;
Danielle;Cameron;1953-05-04;mike79@bolton.com;2055268440;37523 Stephanie Fords;Suite 704;Vegatown;Ohio;53319;Central African Republic;;